Istasyon_Adi,Proje_Adi,Hat_Turu,Proje_Asama,Longitude,Latitude,Ilce_Manuel,Ilce_Nihai
Mehmet Akif,T1 Kabataş - Bağcılar Tramvay Hattı,Tramvay,Mevcut Hattaki İstasyon,28.881680707,41.0058001386,Bağcılar,Bağcılar
Soğanlık,M4 Kadıköy - SGH Metro Hattı,Metro,Mevcut Hattaki İstasyon,29.1923983239,40.9132883838,Kadıköy,Kadıköy
Aksaray,M1A Yenikapı - Atatürk Havalimanı Metro Hattı,Metro,Mevcut Hattaki İstasyon,28.9480900733,41.0120083811,,
Olimpiyat,M9 Bahariye - Olimpiyat Metro Hattı,Metro,Mevcut Hattaki İstasyon,28.7672340276,41.0794660403,,
Sağmalcılar-Pancar Motor,T4 Topkapı - Mescid-i Selam Tramvay Hattı,Tramvay,Mevcut Hattaki İstasyon,28.906939745,41.0572800041,,
Karadeniz,T4 Topkapı - Mescid-i Selam Tramvay Hattı,Tramvay,Mevcut Hattaki İstasyon,28.8822397351,41.0752974339,,
Bakırköy,Halkalı - Gebze Marmaray Yüzeysel Raylı Sistem Hattı,Banliyö,Mevcut Hattaki İstasyon,28.8723322859,40.980241915,,
Erenköy,Halkalı - Gebze Marmaray Yüzeysel Raylı Sistem Hattı,Banliyö,Mevcut Hattaki İstasyon,29.0764726676,40.9714092752,,
Pendik,M4 Kadıköy - SGH Metro Hattı,Metro,Mevcut Hattaki İstasyon,29.2385281454,40.8887242519,Kadıköy,Kadıköy
Yakacık - Adnan Kahveci,M4 Kadıköy - SGH Metro Hattı,Metro,Mevcut Hattaki İstasyon,29.2271981056,40.8967288368,Kadıköy,Kadıköy
Güzelyalı,Halkalı - Gebze Marmaray Yüzeysel Raylı Sistem Hattı,Banliyö,Mevcut Hattaki İstasyon,29.2834955975,40.8568547122,,
Çarşı,M5 Üsküdar - Çekmeköy Metro Hattı,Metro,Mevcut Hattaki İstasyon,29.0973186221,41.0259432808,Üsküdar,Üsküdar
İdealtepe,Halkalı - Gebze Marmaray Yüzeysel Raylı Sistem Hattı,Banliyö,Mevcut Hattaki İstasyon,29.114255858,40.9378068715,,
Üsküdar,M5 Üsküdar - Çekmeköy Metro Hattı,Metro,Mevcut Hattaki İstasyon,29.0128155731,41.0252969925,Üsküdar,Üsküdar
Göztepe Mah.,M7 Yıldız - Mahmutbey Metro Hattı,Metro,Mevcut Hattaki İstasyon,28.848131392,41.0568370074,,
Altıyol,T3 Kadıköy - Moda Nostaljik Tramvay Hattı,Tramvay,Mevcut Hattaki İstasyon,29.0289380334,40.9897914366,Kadıköy,Kadıköy
Güngören,T1 Kabataş - Bağcılar Tramvay Hattı,Tramvay,Mevcut Hattaki İstasyon,28.8775129878,41.0152086456,Bağcılar,Bağcılar
Üniversite,T5 Eminönü - Alibeyköy Cep Otogarı Tramvay Hattı,Tramvay,Mevcut Hattaki İstasyon,28.9428477215,41.0698014663,,
Alibeyköy Merkez,T5 Eminönü - Alibeyköy Cep Otogarı Tramvay Hattı,Tramvay,Mevcut Hattaki İstasyon,28.9460604337,41.0737690827,,
Alibeyköy Metro,T5 Eminönü - Alibeyköy Cep Otogarı Tramvay Hattı,Tramvay,Mevcut Hattaki İstasyon,28.9494471692,41.0784579664,,
Alibeyköy Cep Otogarı,Eminönü - Eyüp - Alibeyköy Tramvay Hattı,Tramvay,Mevcut Hattaki İstasyon,28.9439170961,41.0868880935,,
Cibali,T5 Eminönü - Alibeyköy Cep Otogarı Tramvay Hattı,Tramvay,Mevcut Hattaki İstasyon,28.9603097439,41.0242383795,,
Fetihkapı,T4 Topkapı - Mescid-i Selam Tramvay Hattı,Tramvay,Mevcut Hattaki İstasyon,28.9253384078,41.0218231939,,
Sanayi Mah.,M2 Yenikapı Seyrantepe - Hacıosman Metro Hattı,Metro,Mevcut Hattaki İstasyon,29.0051660767,41.0943417237,,
Tophane,T1 Kabataş - Bağcılar Tramvay Hattı,Tramvay,Mevcut Hattaki İstasyon,28.9808666,41.0269906403,Bağcılar,Bağcılar
Kirazlı,M3 Kirazlı - Kayaşehir Merkez Metro Hattı,Metro,Mevcut Hattaki İstasyon,28.8424316868,41.0327712121,,
Gülhane,T1 Kabataş - Bağcılar Tramvay Hattı,Tramvay,Mevcut Hattaki İstasyon,28.9784244836,41.0121629659,Bağcılar,Bağcılar
Siteler,M3 Kirazlı - Kayaşehir Merkez Metro Hattı,Metro,Mevcut Hattaki İstasyon,28.7965144472,41.0882009753,,
Bahariye,T3 Kadıköy - Moda Nostaljik Tramvay Hattı,Tramvay,Mevcut Hattaki İstasyon,29.0285260083,40.9878694508,Kadıköy,Kadıköy
Levent,M2 Yenikapı Seyrantepe - Hacıosman Metro Hattı,Metro,Mevcut Hattaki İstasyon,29.0136915989,41.0767715513,,
Topkapı,T1 Kabataş - Bağcılar Tramvay Hattı,Tramvay,Mevcut Hattaki İstasyon,28.9194509655,41.0192277354,Bağcılar,Bağcılar
Merkezefendi,T1 Kabataş - Bağcılar Tramvay Hattı,Tramvay,Mevcut Hattaki İstasyon,28.9095053582,41.0103904554,Bağcılar,Bağcılar
Yavuz Selim Camii,T1 Kabataş - Bağcılar Tramvay Hattı,Tramvay,Mevcut Hattaki İstasyon,28.8636557132,41.0238202101,Bağcılar,Bağcılar
Yeşilyurt,Halkalı - Gebze Marmaray Yüzeysel Raylı Sistem Hattı,Banliyö,Mevcut Hattaki İstasyon,28.8372751097,40.9654691979,,
Tersane,Halkalı - Gebze Marmaray Yüzeysel Raylı Sistem Hattı,Banliyö,Mevcut Hattaki İstasyon,29.2733636214,40.8609774864,,
Halkalı,Halkalı - Gebze Marmaray Yüzeysel Raylı Sistem Hattı,Banliyö,Mevcut Hattaki İstasyon,28.7663997635,41.0178236153,,
Mahmutbey,M7 Yıldız - Mahmutbey Metro Hattı,Metro,Mevcut Hattaki İstasyon,28.8315007416,41.0549034307,,
Ünalan,M4 Kadıköy - SGH Metro Hattı,Metro,Mevcut Hattaki İstasyon,29.0598854733,40.9981735143,Kadıköy,Kadıköy
Fener,T5 Eminönü - Alibeyköy Cep Otogarı Tramvay Hattı,Tramvay,Mevcut Hattaki İstasyon,28.9544622861,41.0286247834,,
Yenimahalle,T4 Topkapı - Mescid-i Selam Tramvay Hattı,Tramvay,Mevcut Hattaki İstasyon,28.86297747,41.0998271111,,
Otogar,M1A Yenikapı - Atatürk Havalimanı Metro Hattı,Metro,Mevcut Hattaki İstasyon,28.8945640632,41.0401423681,,
Habibler,T4 Topkapı - Mescid-i Selam Tramvay Hattı,Tramvay,Mevcut Hattaki İstasyon,28.8437966736,41.1224578381,,
Başak Konutları,M3 Kirazlı - Kayaşehir Merkez Metro Hattı,Metro,Mevcut Hattaki İstasyon,28.7912865195,41.097668849,,
4. Levent,M2 Yenikapı Seyrantepe - Hacıosman Metro Hattı,Metro,Mevcut Hattaki İstasyon,29.0070937585,41.0860061902,,
Esenler,M1A Yenikapı - Atatürk Havalimanı Metro Hattı,Metro,Mevcut Hattaki İstasyon,28.8884510108,41.0370483035,,
Mühürdar,T3 Kadıköy - Moda Nostaljik Tramvay Hattı,Tramvay,Mevcut Hattaki İstasyon,29.0213268333,40.985181343,Kadıköy,Kadıköy
Kocatepe,M1A Yenikapı - Atatürk Havalimanı Metro Hattı,Metro,Mevcut Hattaki İstasyon,28.8955204746,41.0484570927,,
Taşköprü,T4 Topkapı - Mescid-i Selam Tramvay Hattı,Tramvay,Mevcut Hattaki İstasyon,28.8876515183,41.0726561721,,
Etiler,M6 Levent - Boğaziçi Ünv./Hisarüstü Metro Hattı,Metro,Mevcut Hattaki İstasyon,29.0375407815,41.0823435461,,
Suadiye,Halkalı - Gebze Marmaray Yüzeysel Raylı Sistem Hattı,Banliyö,Mevcut Hattaki İstasyon,29.0844186912,40.9604752408,,
Bostancı,Halkalı - Gebze Marmaray Yüzeysel Raylı Sistem Hattı,Banliyö,Mevcut Hattaki İstasyon,29.0950591486,40.9538001485,,
Oruc Reis,M7 Yıldız - Mahmutbey Metro Hattı,Metro,Mevcut Hattaki İstasyon,28.8553800128,41.0628471179,,
Çırçır,M7 Yıldız - Mahmutbey Metro Hattı,Metro,Mevcut Hattaki İstasyon,28.9362253204,41.0802283123,,
Mustafa Kemal,Halkalı - Gebze Marmaray Yüzeysel Raylı Sistem Hattı,Banliyö,Mevcut Hattaki İstasyon,28.7739273174,41.0062619961,,
Sirkeci,T1 Kabataş - Bağcılar Tramvay Hattı,Tramvay,Mevcut Hattaki İstasyon,28.9758940742,41.0151787938,Bağcılar,Bağcılar
Pazartekke,T1 Kabataş - Bağcılar Tramvay Hattı,Tramvay,Mevcut Hattaki İstasyon,28.9271565618,41.0182643876,Bağcılar,Bağcılar
Kirazlı,M1B Yenikapı - Kirazlı Metro Hattı,Metro,Mevcut Hattaki İstasyon,28.8427537611,41.0331712495,,
Bayrampaşa,M1A Yenikapı - Atatürk Havalimanı Metro Hattı,Metro,Mevcut Hattaki İstasyon,28.9202426412,41.034096046,,
Eyüpsultan Teleferik,T5 Eminönü - Alibeyköy Cep Otogarı Tramvay Hattı,Tramvay,Mevcut Hattaki İstasyon,28.9351655775,41.0504706073,,
İTÜ Ayazağa,M2 Yenikapı Seyrantepe - Hacıosman Metro Hattı,Metro,Mevcut Hattaki İstasyon,29.0207987305,41.1080929067,,
Yenikapı,M1A Yenikapı - Atatürk Havalimanı Metro Hattı,Metro,Mevcut Hattaki İstasyon,28.9504763048,41.005588975,,
Damga Sk.,T3 Kadıköy - Moda Nostaljik Tramvay Hattı,Tramvay,Mevcut Hattaki İstasyon,29.020752372,40.9884331596,Kadıköy,Kadıköy
Gayrettepe,M2 Yenikapı Seyrantepe - Hacıosman Metro Hattı,Metro,Mevcut Hattaki İstasyon,29.0109240486,41.0689993628,,
Edirnekapı,T4 Topkapı - Mescid-i Selam Tramvay Hattı,Tramvay,Mevcut Hattaki İstasyon,28.9339749517,41.0314391067,,
Kabataş,T1 Kabataş - Bağcılar Tramvay Hattı,Tramvay,Mevcut Hattaki İstasyon,28.9925196278,41.0342600076,Bağcılar,Bağcılar
Kabataş,F1 Taksim - Kabataş Füniküler Hattı,Füniküler,Mevcut Hattaki İstasyon,28.9920304059,41.0339800289,,
Rami,T4 Topkapı - Mescid-i Selam Tramvay Hattı,Tramvay,Mevcut Hattaki İstasyon,28.915524597,41.0466419975,,
Ali Fuat Başgil,T4 Topkapı - Mescid-i Selam Tramvay Hattı,Tramvay,Mevcut Hattaki İstasyon,28.8954815845,41.0685637951,,
Yenibosna,M1A Yenikapı - Atatürk Havalimanı Metro Hattı,Metro,Mevcut Hattaki İstasyon,28.8367082249,40.9893132336,,
Mahmutbey,M3 Kirazlı - Kayaşehir Merkez Metro Hattı,Metro,Mevcut Hattaki İstasyon,28.8305389157,41.0548941972,,
Aksaray,T1 Kabataş - Bağcılar Tramvay Hattı,Tramvay,Mevcut Hattaki İstasyon,28.9538638023,41.0095921116,Bağcılar,Bağcılar
Uluyol-Bereç,T4 Topkapı - Mescid-i Selam Tramvay Hattı,Tramvay,Mevcut Hattaki İstasyon,28.9102501142,41.0541363716,,
Hacı Şükrü,T4 Topkapı - Mescid-i Selam Tramvay Hattı,Tramvay,Mevcut Hattaki İstasyon,28.864009196,41.0928320034,,
Cebeci,T4 Topkapı - Mescid-i Selam Tramvay Hattı,Tramvay,Mevcut Hattaki İstasyon,28.8578112,41.111919952,,
Üniversite-Laleli,T1 Kabataş - Bağcılar Tramvay Hattı,Tramvay,Mevcut Hattaki İstasyon,28.9597904528,41.0095852413,Bağcılar,Bağcılar
Yunus,Halkalı - Gebze Marmaray Yüzeysel Raylı Sistem Hattı,Banliyö,Mevcut Hattaki İstasyon,29.2105353314,40.8845046267,,
Pendik,Halkalı - Gebze Marmaray Yüzeysel Raylı Sistem Hattı,Banliyö,Mevcut Hattaki İstasyon,29.2316720558,40.8802067715,,
Karadeniz Mah.,M7 Yıldız - Mahmutbey Metro Hattı,Metro,Mevcut Hattaki İstasyon,28.8750662124,41.0811903035,,
Çakmak,M5 Üsküdar - Çekmeköy Metro Hattı,Metro,Mevcut Hattaki İstasyon,29.1183812217,41.0215409985,Üsküdar,Üsküdar
Kağıthane,M7 Yıldız - Mahmutbey Metro Hattı,Metro,Mevcut Hattaki İstasyon,28.9733006431,41.0795639497,,
İçmeler,Halkalı - Gebze Marmaray Yüzeysel Raylı Sistem Hattı,Banliyö,Mevcut Hattaki İstasyon,29.3000611747,40.8456508905,,
Mecidiyeköy,M7 Yıldız - Mahmutbey Metro Hattı,Metro,Mevcut Hattaki İstasyon,28.9953910663,41.0652301997,,
Zeytinburnu,Halkalı - Gebze Marmaray Yüzeysel Raylı Sistem Hattı,Banliyö,Mevcut Hattaki İstasyon,28.9054442225,40.985877775,,
Bahariye,M9 Bahariye - Olimpiyat Metro Hattı,Metro,Mevcut Hattaki İstasyon,28.7993743238,41.058395086,,
Küçükçekmece,Halkalı - Gebze Marmaray Yüzeysel Raylı Sistem Hattı,Banliyö,Mevcut Hattaki İstasyon,28.7729423261,40.9885240376,,
Florya Akvaryum,Halkalı - Gebze Marmaray Yüzeysel Raylı Sistem Hattı,Banliyö,Mevcut Hattaki İstasyon,28.7970279467,40.9677662609,,
Süreyya Plajı,Halkalı - Gebze Marmaray Yüzeysel Raylı Sistem Hattı,Banliyö,Mevcut Hattaki İstasyon,29.1242047148,40.9268299859,,
Çarşı,T3 Kadıköy - Moda Nostaljik Tramvay Hattı,Tramvay,Mevcut Hattaki İstasyon,29.025473107,40.9910897361,Kadıköy,Kadıköy
Darüşşafaka,M2 Yenikapı Seyrantepe - Hacıosman Metro Hattı,Metro,Mevcut Hattaki İstasyon,29.0251285208,41.1295804129,,
Atatürk Oto Sanayi,M2 Yenikapı Seyrantepe - Hacıosman Metro Hattı,Metro,Mevcut Hattaki İstasyon,29.0241937825,41.118255545,,
Maltepe,M4 Kadıköy - SGH Metro Hattı,Metro,Mevcut Hattaki İstasyon,29.1395599592,40.9358193379,Kadıköy,Kadıköy
Kilise,T3 Kadıköy - Moda Nostaljik Tramvay Hattı,Tramvay,Mevcut Hattaki İstasyon,29.0275960507,40.9848860823,Kadıköy,Kadıköy
Moda İlkokulu,T3 Kadıköy - Moda Nostaljik Tramvay Hattı,Tramvay,Mevcut Hattaki İstasyon,29.0267349436,40.9840909558,Kadıköy,Kadıköy
Çemberlitaş,T1 Kabataş - Bağcılar Tramvay Hattı,Tramvay,Mevcut Hattaki İstasyon,28.9711299487,41.0084351413,Bağcılar,Bağcılar
Çapa,T1 Kabataş - Bağcılar Tramvay Hattı,Tramvay,Mevcut Hattaki İstasyon,28.9320311155,41.0158815142,Bağcılar,Bağcılar
Demirkapı,T4 Topkapı - Mescid-i Selam Tramvay Hattı,Tramvay,Mevcut Hattaki İstasyon,28.9233777611,41.0370058895,,
Haseki,T1 Kabataş - Bağcılar Tramvay Hattı,Tramvay,Mevcut Hattaki İstasyon,28.9442967061,41.0107080395,Bağcılar,Bağcılar
Davutpaşa - YTÜ,M1A Yenikapı - Atatürk Havalimanı Metro Hattı,Metro,Mevcut Hattaki İstasyon,28.900212216,41.0206505824,,
Yenisahra,M4 Kadıköy - SGH Metro Hattı,Metro,Mevcut Hattaki İstasyon,29.0903877924,40.9847287608,Kadıköy,Kadıköy
Taksim,F1 Taksim - Kabataş Füniküler Hattı,Füniküler,Mevcut Hattaki İstasyon,28.986995331,41.0366106262,,
Sultanahmet,T1 Kabataş - Bağcılar Tramvay Hattı,Tramvay,Mevcut Hattaki İstasyon,28.975587398,41.008087187,Bağcılar,Bağcılar
Vatan,T4 Topkapı - Mescid-i Selam Tramvay Hattı,Tramvay,Mevcut Hattaki İstasyon,28.9293599063,41.0256928527,,
Bakırköy,M1A Yenikapı - Atatürk Havalimanı Metro Hattı,Metro,Mevcut Hattaki İstasyon,28.8754036789,40.9966103583,,
Hacıosman,M2 Yenikapı Seyrantepe - Hacıosman Metro Hattı,Metro,Mevcut Hattaki İstasyon,29.0304364747,41.1397726671,,
Vezneciler - İstanbul Ünv.,M2 Yenikapı Seyrantepe - Hacıosman Metro Hattı,Metro,Mevcut Hattaki İstasyon,28.9598347809,41.0122648278,,
Yeni Mahalle,M3 Kirazlı - Kayaşehir Merkez Metro Hattı,Metro,Mevcut Hattaki İstasyon,28.8359418382,41.0403554341,,
Bağcılar,T1 Kabataş - Bağcılar Tramvay Hattı,Tramvay,Mevcut Hattaki İstasyon,28.8606511837,41.0330845374,Bağcılar,Bağcılar
Mescid-i Selam,T4 Topkapı - Mescid-i Selam Tramvay Hattı,Tramvay,Mevcut Hattaki İstasyon,28.8512631642,41.11621368,,
Haliç,M2 Yenikapı Seyrantepe - Hacıosman Metro Hattı,Metro,Mevcut Hattaki İstasyon,28.9664222621,41.022434782,,
Bostancı,M4 Kadıköy - SGH Metro Hattı,Metro,Mevcut Hattaki İstasyon,29.1053503103,40.9645784145,Kadıköy,Kadıköy
Ümraniye,M5 Üsküdar - Çekmeköy Metro Hattı,Metro,Mevcut Hattaki İstasyon,29.0847807184,41.0246243207,Üsküdar,Üsküdar
Tavşantepe,M4 Kadıköy - SGH Metro Hattı,Metro,Mevcut Hattaki İstasyon,29.2488374197,40.882088389,Kadıköy,Kadıköy
Kazım Karabekir,M7 Yıldız - Mahmutbey Metro Hattı,Metro,Mevcut Hattaki İstasyon,28.9083979482,41.0853738983,,
Ataköy,Halkalı - Gebze Marmaray Yüzeysel Raylı Sistem Hattı,Banliyö,Mevcut Hattaki İstasyon,28.8562244497,40.9802159969,,
Fıstık Ağacı,M5 Üsküdar - Çekmeköy Metro Hattı,Metro,Mevcut Hattaki İstasyon,29.028844655,41.0282537069,Üsküdar,Üsküdar
Veysel Karani  - Akşemsettin,M7 Yıldız - Mahmutbey Metro Hattı,Metro,Mevcut Hattaki İstasyon,28.9281017456,41.0796856699,,
Üsküdar,Halkalı - Gebze Marmaray Yüzeysel Raylı Sistem Hattı,Banliyö,Mevcut Hattaki İstasyon,29.0135223765,41.0256996122,,
Bağlarbaşı,M5 Üsküdar - Çekmeköy Metro Hattı,Metro,Mevcut Hattaki İstasyon,29.0364140056,41.0219145673,Üsküdar,Üsküdar
Yeşilköy,Halkalı - Gebze Marmaray Yüzeysel Raylı Sistem Hattı,Banliyö,Mevcut Hattaki İstasyon,28.8248930566,40.962652581,,
Maltepe,Halkalı - Gebze Marmaray Yüzeysel Raylı Sistem Hattı,Banliyö,Mevcut Hattaki İstasyon,29.1335259971,40.9206463836,,
Yenimahalle,M7 Yıldız - Mahmutbey Metro Hattı,Metro,Mevcut Hattaki İstasyon,28.8926872572,41.0838545405,,
Küçükyalı,Halkalı - Gebze Marmaray Yüzeysel Raylı Sistem Hattı,Banliyö,Mevcut Hattaki İstasyon,29.1068216034,40.9462573976,,
Florya,Halkalı - Gebze Marmaray Yüzeysel Raylı Sistem Hattı,Banliyö,Mevcut Hattaki İstasyon,28.7874733117,40.9729608799,,
Ayrılık Çeşmesi,Halkalı - Gebze Marmaray Yüzeysel Raylı Sistem Hattı,Banliyö,Mevcut Hattaki İstasyon,29.0301236137,41.0000768042,,
Fındıklı,T1 Kabataş - Bağcılar Tramvay Hattı,Tramvay,Mevcut Hattaki İstasyon,28.9894418022,41.0314532963,Bağcılar,Bağcılar
Karaköy,T1 Kabataş - Bağcılar Tramvay Hattı,Tramvay,Mevcut Hattaki İstasyon,28.9746879491,41.0221147392,Bağcılar,Bağcılar
Seyitnizam,T1 Kabataş - Bağcılar Tramvay Hattı,Tramvay,Mevcut Hattaki İstasyon,28.9093460025,41.0078444838,Bağcılar,Bağcılar
Soğanlı,T1 Kabataş - Bağcılar Tramvay Hattı,Tramvay,Mevcut Hattaki İstasyon,28.8670836783,41.0209671886,Bağcılar,Bağcılar
Kozyatağı,M4 Kadıköy - SGH Metro Hattı,Metro,Mevcut Hattaki İstasyon,29.0996930943,40.9752225,Kadıköy,Kadıköy
Moda,T3 Kadıköy - Moda Nostaljik Tramvay Hattı,Tramvay,Mevcut Hattaki İstasyon,29.0244084241,40.984062436,Kadıköy,Kadıköy
Yusufpaşa,T1 Kabataş - Bağcılar Tramvay Hattı,Tramvay,Mevcut Hattaki İstasyon,28.94712091,41.0099969873,Bağcılar,Bağcılar
Şehitlik,T4 Topkapı - Mescid-i Selam Tramvay Hattı,Tramvay,Mevcut Hattaki İstasyon,28.9282569721,41.0341805312,,
Ataköy - Şirinevler,M1A Yenikapı - Atatürk Havalimanı Metro Hattı,Metro,Mevcut Hattaki İstasyon,28.8460862329,40.9913483432,,
Huzurevi,M4 Kadıköy - SGH Metro Hattı,Metro,Mevcut Hattaki İstasyon,29.147007915,40.9299434238,Kadıköy,Kadıköy
Merter Tekstil Merkezi,T1 Kabataş - Bağcılar Tramvay Hattı,Tramvay,Mevcut Hattaki İstasyon,28.8807589097,41.0115575409,Bağcılar,Bağcılar
Menderes,M1B Yenikapı - Kirazlı Metro Hattı,Metro,Mevcut Hattaki İstasyon,28.8784918018,41.0427573125,,
İstoç,M3 Kirazlı - Kayaşehir Merkez Metro Hattı,Metro,Mevcut Hattaki İstasyon,28.8259631805,41.0649978935,,
Bağcılar Meydan,M1B Yenikapı - Kirazlı Metro Hattı,Metro,Mevcut Hattaki İstasyon,28.8561754626,41.034514697,,
Kartal,M4 Kadıköy - SGH Metro Hattı,Metro,Mevcut Hattaki İstasyon,29.2113837621,40.9066447114,Kadıköy,Kadıköy
Levent,M6 Levent - Boğaziçi Ünv./Hisarüstü Metro Hattı,Metro,Mevcut Hattaki İstasyon,29.0145271463,41.0755084748,,
Bulgurlu,M5 Üsküdar - Çekmeköy Metro Hattı,Metro,Mevcut Hattaki İstasyon,29.076243829,41.0163439849,Üsküdar,Üsküdar
Sirkeci,Halkalı - Gebze Marmaray Yüzeysel Raylı Sistem Hattı,Banliyö,Mevcut Hattaki İstasyon,28.9771245143,41.0135844923,,
Tekstilkent - Giyimkent,M7 Yıldız - Mahmutbey Metro Hattı,Metro,Mevcut Hattaki İstasyon,28.8669783971,41.0714904542,,
Kısıklı,M5 Üsküdar - Çekmeköy Metro Hattı,Metro,Mevcut Hattaki İstasyon,29.0620828309,41.0221826659,Üsküdar,Üsküdar
Atalar,Halkalı - Gebze Marmaray Yüzeysel Raylı Sistem Hattı,Banliyö,Mevcut Hattaki İstasyon,29.1694542075,40.8985880196,,
Çağlayan,M7 Yıldız - Mahmutbey Metro Hattı,Metro,Mevcut Hattaki İstasyon,28.9804834482,41.0706569134,,
Dudullu,M5 Üsküdar - Çekmeköy Metro Hattı,Metro,Mevcut Hattaki İstasyon,29.1623536613,41.0152668658,Üsküdar,Üsküdar
Havaalanı,M1A Yenikapı - Atatürk Havalimanı Metro Hattı,Metro,Mevcut Hattaki İstasyon,28.821128321,40.9795412044,,
Taksim,M2 Yenikapı Seyrantepe - Hacıosman Metro Hattı,Metro,Mevcut Hattaki İstasyon,28.9856591013,41.0381565458,,
Zeytinburnu,T1 Kabataş - Bağcılar Tramvay Hattı,Tramvay,Mevcut Hattaki İstasyon,28.8902959262,41.00148356,Bağcılar,Bağcılar
Güneştepe,T1 Kabataş - Bağcılar Tramvay Hattı,Tramvay,Mevcut Hattaki İstasyon,28.8609536978,41.0289932752,Bağcılar,Bağcılar
Esenler,M1B Yenikapı - Kirazlı Metro Hattı,Metro,Mevcut Hattaki İstasyon,28.8884262491,41.0376806403,,
Gülsuyu,M4 Kadıköy - SGH Metro Hattı,Metro,Mevcut Hattaki İstasyon,29.1546230461,40.9238194899,Kadıköy,Kadıköy
Fındıkzade,T1 Kabataş - Bağcılar Tramvay Hattı,Tramvay,Mevcut Hattaki İstasyon,28.9391494468,41.0123552716,Bağcılar,Bağcılar
Balat,T5 Eminönü - Alibeyköy Cep Otogarı Tramvay Hattı,Tramvay,Mevcut Hattaki İstasyon,28.9480367019,41.0340557692,,
Metris,T4 Topkapı - Mescid-i Selam Tramvay Hattı,Tramvay,Mevcut Hattaki İstasyon,28.8756232689,41.0802277875,,
Acıbadem,M4 Kadıköy - SGH Metro Hattı,Metro,Mevcut Hattaki İstasyon,29.0445867059,41.0022997833,Kadıköy,Kadıköy
Ayrılık Çeşmesi,M4 Kadıköy - SGH Metro Hattı,Metro,Mevcut Hattaki İstasyon,29.0303161782,41.0000996226,Kadıköy,Kadıköy
Rumeli Hisarüstü,M6 Levent - Boğaziçi Ünv./Hisarüstü Metro Hattı,Metro,Mevcut Hattaki İstasyon,29.0455710525,41.0853512482,,
İkitelli Sanayi,M3 Kirazlı - Kayaşehir Merkez Metro Hattı,Metro,Mevcut Hattaki İstasyon,28.8023325524,41.0724316434,,
Başakşehir - Metrokent,M3 Kirazlı - Kayaşehir Merkez Metro Hattı,Metro,Mevcut Hattaki İstasyon,28.8014808953,41.1075881712,,
Küçükyalı,M4 Kadıköy - SGH Metro Hattı,Metro,Mevcut Hattaki İstasyon,29.121853858,40.9490497377,Kadıköy,Kadıköy
Sultançifliği,T4 Topkapı - Mescid-i Selam Tramvay Hattı,Tramvay,Mevcut Hattaki İstasyon,28.8606058814,41.1061810067,,
Şişhane - Zemin İstanbul,M2 Yenikapı Seyrantepe - Hacıosman Metro Hattı,Metro,Mevcut Hattaki İstasyon,28.9728491187,41.0282905337,,
Kadıköy,M4 Kadıköy - SGH Metro Hattı,Metro,Mevcut Hattaki İstasyon,29.0219549908,40.9904063985,Kadıköy,Kadıköy
Şişli,M2 Yenikapı Seyrantepe - Hacıosman Metro Hattı,Metro,Mevcut Hattaki İstasyon,28.9926737246,41.0645050502,,
Necip Fazıl,M5 Üsküdar - Çekmeköy Metro Hattı,Metro,Mevcut Hattaki İstasyon,29.1792056992,41.0160785116,Üsküdar,Üsküdar
Kartal,Halkalı - Gebze Marmaray Yüzeysel Raylı Sistem Hattı,Banliyö,Mevcut Hattaki İstasyon,29.191190141,40.8886128832,,
Söğütlüçeşme,Halkalı - Gebze Marmaray Yüzeysel Raylı Sistem Hattı,Banliyö,Mevcut Hattaki İstasyon,29.0376279459,40.9909023378,,
Yeşilpınar,M7 Yıldız - Mahmutbey Metro Hattı,Metro,Mevcut Hattaki İstasyon,28.9183127582,41.0823042034,,
İmam Hatip,M5 Üsküdar - Çekmeköy Metro Hattı,Metro,Mevcut Hattaki İstasyon,29.1515186058,41.0159627424,Üsküdar,Üsküdar
Kazlıçeşme,Halkalı - Gebze Marmaray Yüzeysel Raylı Sistem Hattı,Banliyö,Mevcut Hattaki İstasyon,28.9168778133,40.9926862409,,
Altınşehir,M5 Üsküdar - Çekmeköy Metro Hattı,Metro,Mevcut Hattaki İstasyon,29.1405619719,41.0165423463,Üsküdar,Üsküdar
Yenikapı,Halkalı - Gebze Marmaray Yüzeysel Raylı Sistem Hattı,Banliyö,Mevcut Hattaki İstasyon,28.950826891,41.0050201028,,
Altunizade,M5 Üsküdar - Çekmeköy Metro Hattı,Metro,Mevcut Hattaki İstasyon,29.0482914336,41.021954492,Üsküdar,Üsküdar
Ihlamurkuyu,M5 Üsküdar - Çekmeköy Metro Hattı,Metro,Mevcut Hattaki İstasyon,29.1304702884,41.0197169944,Üsküdar,Üsküdar
Çekmeköy,M5 Üsküdar - Çekmeköy Metro Hattı,Metro,Mevcut Hattaki İstasyon,29.189207926,41.0145632479,Üsküdar,Üsküdar
Göztepe,Halkalı - Gebze Marmaray Yüzeysel Raylı Sistem Hattı,Banliyö,Mevcut Hattaki İstasyon,29.0625591735,40.9791648388,,
Tuzla,Halkalı - Gebze Marmaray Yüzeysel Raylı Sistem Hattı,Banliyö,Mevcut Hattaki İstasyon,29.3223601331,40.829952436,,
İDO,T3 Kadıköy - Moda Nostaljik Tramvay Hattı,Tramvay,Mevcut Hattaki İstasyon,29.0207706082,40.9899103415,Kadıköy,Kadıköy
Hastane - Adliye,M4 Kadıköy - SGH Metro Hattı,Metro,Mevcut Hattaki İstasyon,29.178771727,40.9161698138,Kadıköy,Kadıköy
Osmanbey,M2 Yenikapı Seyrantepe - Hacıosman Metro Hattı,Metro,Mevcut Hattaki İstasyon,28.9874152263,41.0524927818,,
Topkapı - Ulubatlı,M1A Yenikapı - Atatürk Havalimanı Metro Hattı,Metro,Mevcut Hattaki İstasyon,28.9305073648,41.0240232433,,
Merter,M1A Yenikapı - Atatürk Havalimanı Metro Hattı,Metro,Mevcut Hattaki İstasyon,28.896181044,41.0076440847,,
Cevizlibağ,T1 Kabataş - Bağcılar Tramvay Hattı,Tramvay,Mevcut Hattaki İstasyon,28.9115778282,41.0159539922,Bağcılar,Bağcılar
Esenkent,M4 Kadıköy - SGH Metro Hattı,Metro,Mevcut Hattaki İstasyon,29.1663490467,40.9208832243,Kadıköy,Kadıköy
Ziya Gökalp Mahallesi,M9 Bahariye - Olimpiyat Metro Hattı,Metro,Mevcut Hattaki İstasyon,28.7865302451,41.0744821902,,
Nispetiye,M6 Levent - Boğaziçi Ünv./Hisarüstü Metro Hattı,Metro,Mevcut Hattaki İstasyon,29.0242490175,41.0773106797,,
Turgut Özal,M3 Kirazlı - Kayaşehir Merkez Metro Hattı,Metro,Mevcut Hattaki İstasyon,28.797408964,41.0811835113,,
Emniyet - Fatih,M1A Yenikapı - Atatürk Havalimanı Metro Hattı,Metro,Mevcut Hattaki İstasyon,28.9396003277,41.0176097243,,
Bosna Çukurçeşme,T4 Topkapı - Mescid-i Selam Tramvay Hattı,Tramvay,Mevcut Hattaki İstasyon,28.9020835612,41.0618358936,,
Göztepe,M4 Kadıköy - SGH Metro Hattı,Metro,Mevcut Hattaki İstasyon,29.0707261384,40.9940461002,Kadıköy,Kadıköy
Akşemsettin,T1 Kabataş - Bağcılar Tramvay Hattı,Tramvay,Mevcut Hattaki İstasyon,28.9075169292,41.004213274,Bağcılar,Bağcılar
Yenikapı,M2 Yenikapı Seyrantepe - Hacıosman Metro Hattı,Metro,Mevcut Hattaki İstasyon,28.9514201471,41.0055856644,,
Üçyüzlü,M1B Yenikapı - Kirazlı Metro Hattı,Metro,Mevcut Hattaki İstasyon,28.8706380252,41.0367198157,,
Beyazıt,T1 Kabataş - Bağcılar Tramvay Hattı,Tramvay,Mevcut Hattaki İstasyon,28.9666983534,41.0090671307,Bağcılar,Bağcılar
Zeytinburnu,M1A Yenikapı - Atatürk Havalimanı Metro Hattı,Metro,Mevcut Hattaki İstasyon,28.8896559931,41.0016990483,,
Cumhuriyet Mah.,T4 Topkapı - Mescid-i Selam Tramvay Hattı,Tramvay,Mevcut Hattaki İstasyon,28.8719867341,41.0841529031,,
Dünya  Ticaret Merkezi,M1A Yenikapı - Atatürk Havalimanı Metro Hattı,Metro,Mevcut Hattaki İstasyon,28.8285542483,40.9866437703,,
Yamanevler,M5 Üsküdar - Çekmeköy Metro Hattı,Metro,Mevcut Hattaki İstasyon,29.108777832,41.0241552372,Üsküdar,Üsküdar
Feneryolu,Halkalı - Gebze Marmaray Yüzeysel Raylı Sistem Hattı,Banliyö,Mevcut Hattaki İstasyon,29.0490084627,40.978696151,,
Kaynarca,Halkalı - Gebze Marmaray Yüzeysel Raylı Sistem Hattı,Banliyö,Mevcut Hattaki İstasyon,29.2560336339,40.8713029434,,
Nurtepe,M7 Yıldız - Mahmutbey Metro Hattı,Metro,Mevcut Hattaki İstasyon,28.9635421453,41.0797649097,,
Aydıntepe,Halkalı - Gebze Marmaray Yüzeysel Raylı Sistem Hattı,Banliyö,Mevcut Hattaki İstasyon,29.2931664015,40.8522885877,,
Cevizli,Halkalı - Gebze Marmaray Yüzeysel Raylı Sistem Hattı,Banliyö,Mevcut Hattaki İstasyon,29.1560454699,40.9100151225,,
Yenimahalle,Halkalı - Gebze Marmaray Yüzeysel Raylı Sistem Hattı,Banliyö,Mevcut Hattaki İstasyon,28.8810549364,40.9817327416,,
Alibeyköy,M7 Yıldız - Mahmutbey Metro Hattı,Metro,Mevcut Hattaki İstasyon,28.9496326544,41.0791146521,,
Başak,Halkalı - Gebze Marmaray Yüzeysel Raylı Sistem Hattı,Banliyö,Mevcut Hattaki İstasyon,29.1773527137,40.8905590783,,
Eminönü,T1 Kabataş - Bağcılar Tramvay Hattı,Tramvay,Mevcut Hattaki İstasyon,28.9732136953,41.0174751806,Bağcılar,Bağcılar
Topçular,T4 Topkapı - Mescid-i Selam Tramvay Hattı,Tramvay,Mevcut Hattaki İstasyon,28.9195379435,41.0416185494,,
Bahçelievler,M1A Yenikapı - Atatürk Havalimanı Metro Hattı,Metro,Mevcut Hattaki İstasyon,28.8630701218,40.9953514712,,
Terazidere,M1A Yenikapı - Atatürk Havalimanı Metro Hattı,Metro,Mevcut Hattaki İstasyon,28.8979561956,41.0303299066,,
İskele,T3 Kadıköy - Moda Nostaljik Tramvay Hattı,Tramvay,Mevcut Hattaki İstasyon,29.0234841795,40.9908757898,Kadıköy,Kadıköy
Sağmalcılar,M1A Yenikapı - Atatürk Havalimanı Metro Hattı,Metro,Mevcut Hattaki İstasyon,28.9072392503,41.040852645,,
50.Yıl,T4 Topkapı - Mescid-i Selam Tramvay Hattı,Tramvay,Mevcut Hattaki İstasyon,28.8667654908,41.0879075061,,
Sanayi Mah.,M2 Yenikapı Seyrantepe - Hacıosman Metro Hattı,Metro,Mevcut Hattaki İstasyon,29.0055310949,41.0943010952,,
Sarıgazi,M5 Çekmeköy-Sultanbeyli Metro Hattı Uzatması,Metro,İnşaat Aşamasında,29.2120882819,41.010138601,Sultanbeyli,Sultanbeyli
Mevlana,M8 Bostancı - Dudullu Metro Hattı,Metro,Mevcut Hattaki İstasyon,29.1533571204,40.992156465,,
Fulya,M7 Yıldız - Mahmutbey Metro Hattı,Metro,Mevcut Hattaki İstasyon,29.0074130115,41.0619944468,,
Beşiktaş,M7 (U2) Kabataş - Mecidiyeköy Metro Hattı,Metro,İnşaat Aşamasında,29.0074506142,41.0434905571,,
Yıldız,M7 Yıldız - Mahmutbey Metro Hattı,Metro,Mevcut Hattaki İstasyon,29.0096778157,41.054110438,,
Esenyurt Meydanı,M7 (U4) Mahmutbey - Bahçeşehir- Esenyurt Metro Hattı,Metro,İnşaat Aşamasında,28.6793243504,41.0349647043,Esenyurt,Esenyurt
Seyrantepe,M2 Yenikapı Seyrantepe - Hacıosman Metro Hattı,Metro,Mevcut Hattaki İstasyon,28.9960969818,41.1011134287,,
Akıncılar,T1 Kabataş - Bağcılar Tramvay Hattı,Tramvay,Mevcut Hattaki İstasyon,28.8710345188,41.0173348574,Bağcılar,Bağcılar
Ayvansaray,T5 Eminönü - Alibeyköy Cep Otogarı Tramvay Hattı,Tramvay,Mevcut Hattaki İstasyon,28.9439490435,41.03956207,,
Eyüpsultan Devlet Hastanesi,T5 Eminönü - Alibeyköy Cep Otogarı Tramvay Hattı,Tramvay,Mevcut Hattaki İstasyon,28.9411189488,41.056729923,,
Silahtarağa Mahallesi,T5 Eminönü - Alibeyköy Cep Otogarı Tramvay Hattı,Tramvay,Mevcut Hattaki İstasyon,28.9428944835,41.0647767596,,
Karaköy,F2 Karaköy - Beyoğlu Tünel Füniküler Hattı,Füniküler,Mevcut Hattaki İstasyon,28.9740377459,41.0227730939,Beyoğlu,Beyoğlu
Tünel,F2 Karaköy - Beyoğlu Tünel Füniküler Hattı,Füniküler,Mevcut Hattaki İstasyon,28.9740491197,41.0284213663,Beyoğlu,Beyoğlu
İkitelli Sanayi,M9 Bahariye - Olimpiyat Metro Hattı,Metro,Mevcut Hattaki İstasyon,28.802129563,41.0723497502,,
Çayırova,Halkalı - Gebze Marmaray Yüzeysel Raylı Sistem Hattı,Banliyö,Mevcut Hattaki İstasyon,29.3474462443,40.8103767335,,
Fatih,Halkalı - Gebze Marmaray Yüzeysel Raylı Sistem Hattı,Banliyö,Mevcut Hattaki İstasyon,29.3638554302,40.8075100987,,
Osmangazi,Halkalı - Gebze Marmaray Yüzeysel Raylı Sistem Hattı,Banliyö,Mevcut Hattaki İstasyon,29.3800379757,40.799227689,,
Darıca,Halkalı - Gebze Marmaray Yüzeysel Raylı Sistem Hattı,Banliyö,Mevcut Hattaki İstasyon,29.3919754761,40.7913449435,,
Gebze,Halkalı - Gebze Marmaray Yüzeysel Raylı Sistem Hattı,Banliyö,Mevcut Hattaki İstasyon,29.409965741,40.7840644551,,
Pier Loti,TF2 Eyüp - Pier Loti Teleferik Hattı,Teleferik,Mevcut Hattaki İstasyon,28.932979553,41.0540348217,,
Eyüp,TF2 Eyüp - Pier Loti Teleferik Hattı,Teleferik,Mevcut Hattaki İstasyon,28.9340681863,41.0500152491,,
Maçka,TF1 Maçka - Taşkışla Teleferik Hattı,Teleferik,Mevcut Hattaki İstasyon,28.9939499162,41.044737154,,
Taşkışla,TF1 Maçka - Taşkışla Teleferik Hattı,Teleferik,Mevcut Hattaki İstasyon,28.9905733691,41.0436318448,,
Hasdal,M11 Gayrettepe - İstanbul Havalimanı Metro Hattı,Metro,Mevcut Hattaki İstasyon,28.9468463059,41.1212997004,,
Yeni Havalimanı - 2,M11 Gayrettepe - İstanbul Havalimanı Metro Hattı,Metro,Mevcut Hattaki İstasyon,28.7685326311,41.2564077956,,
Yeni Havalimanı - 3,M11 Gayrettepe - İstanbul Havalimanı Metro Hattı,Metro,Mevcut Hattaki İstasyon,28.7127665942,41.2554334556,,
Yeni Havalimanı - 1,M11 Gayrettepe - İstanbul Havalimanı Metro Hattı,Metro,Mevcut Hattaki İstasyon,28.7426387571,41.2559358205,,
Göktürk,M11 Gayrettepe - İstanbul Havalimanı Metro Hattı,Metro,Mevcut Hattaki İstasyon,28.8836670921,41.1769563911,,
İhsaniye,M11 Gayrettepe - İstanbul Havalimanı Metro Hattı,Metro,Mevcut Hattaki İstasyon,28.8089292147,41.2429601376,,
Kemerburgaz,M11 Gayrettepe - İstanbul Havalimanı Metro Hattı,Metro,Mevcut Hattaki İstasyon,28.910227377,41.1591296952,,
Kağıthane,M11 Gayrettepe - İstanbul Havalimanı Metro Hattı,Metro,Mevcut Hattaki İstasyon,28.9763643256,41.0801645224,,
Rumeli Hisarüstü,F4 Rumeli Hisarüstü - Aşiyan Füniküler Hattı,Füniküler,İnşaat Aşamasında,29.0461832253,41.0849124744,,
Aşiyan,F4 Rumeli Hisarüstü - Aşiyan Füniküler Hattı,Füniküler,İnşaat Aşamasında,29.0536539042,41.0813857171,,
Atatürk Mahallesi,M9 (U1) Ataköy -  Bahariye Hattı,Metro,İnşaat Aşamasında,28.7987700317,41.0521039707,,
Kaynarca Merkez,"M10 Pendik - SGH Metro Hattı, Pendik - Fevzi Çakmak Etabı",Metro,İnşaat Aşamasında,29.2607292243,40.8790971867,Pendik,Pendik
Pendik,"M10 Pendik - SGH Metro Hattı, Pendik - Fevzi Çakmak Etabı",Metro,İnşaat Aşamasında,29.231243344,40.8807839988,Pendik,Pendik
Gayrettepe,Gayrettepe - İstanbul Havalimanı Metro Hattı,Metro,Mevcut Hattaki İstasyon,29.0109068179,41.0671898751,,
Veysel Karani,M5 Çekmeköy-Sultanbeyli Metro Hattı Uzatması,Metro,İnşaat Aşamasında,29.2399332527,40.9689823866,Sultanbeyli,Sultanbeyli
Sancaktepe Şehir Hastanesi,M5 Çekmeköy-Sultanbeyli Metro Hattı Uzatması,Metro,İnşaat Aşamasında,29.2175514237,41.0009067942,Sultanbeyli,Sultanbeyli
Sultanbeyli,M5 Çekmeköy-Sultanbeyli Metro Hattı Uzatması,Metro,İnşaat Aşamasında,29.2724939011,40.9660720865,Sultanbeyli,Sultanbeyli
Hasanpaşa,M5 Çekmeköy-Sultanbeyli Metro Hattı Uzatması,Metro,İnşaat Aşamasında,29.2549242235,40.9686747563,Sultanbeyli,Sultanbeyli
Sancaktepe,M5 Çekmeköy-Sultanbeyli Metro Hattı Uzatması,Metro,İnşaat Aşamasında,29.2292423995,40.9914198992,Sultanbeyli,Sultanbeyli
Meclis,M5 Çekmeköy-Sultanbeyli Metro Hattı Uzatması,Metro,İnşaat Aşamasında,29.1988611401,41.0096652612,Sultanbeyli,Sultanbeyli
Samandıra Merkez,M5 Çekmeköy-Sultanbeyli Metro Hattı Uzatması,Metro,İnşaat Aşamasında,29.2314617555,40.983759202,Sultanbeyli,Sultanbeyli
Kaynarca Merkez,M4 Tavşantepe - Tuzla Metro Hattı Uzatması,Metro,İnşaat Aşamasında,29.2612487039,40.8787134664,Tuzla,Tuzla
Esenyalı,M4 Tavşantepe - Tuzla Metro Hattı Uzatması,Metro,İnşaat Aşamasında,29.2955767835,40.8638118705,Tuzla,Tuzla
Çamçeşme,M4 Tavşantepe - Tuzla Metro Hattı Uzatması,Metro,İnşaat Aşamasında,29.2735045597,40.8787899886,Tuzla,Tuzla
Kavakpınar,M4 Tavşantepe - Tuzla Metro Hattı Uzatması,Metro,İnşaat Aşamasında,29.2847349537,40.875958607,Tuzla,Tuzla
Aydıntepe,M4 Tavşantepe - Tuzla Metro Hattı Uzatması,Metro,İnşaat Aşamasında,29.2928542239,40.8578528405,Tuzla,Tuzla
İçmeler,M4 Tavşantepe - Tuzla Metro Hattı Uzatması,Metro,İnşaat Aşamasında,29.2996849242,40.8450693106,Tuzla,Tuzla
Sabiha Gökçen,M4 Kadıköy - SGH Metro Hattı,Metro,Mevcut Hattaki İstasyon,29.3114239088,40.9065447646,Kadıköy,Kadıköy
Kurtköy,M4 Kadıköy - SGH Metro Hattı,Metro,Mevcut Hattaki İstasyon,29.2962830984,40.9101335948,Kadıköy,Kadıköy
Yayalar - Şeyhli,M4 Kadıköy - SGH Metro Hattı,Metro,Mevcut Hattaki İstasyon,29.2751192864,40.9037407838,Kadıköy,Kadıköy
Fevzi Çakmak - Hastane,M4 Kadıköy - SGH Metro Hattı,Metro,Mevcut Hattaki İstasyon,29.2624037531,40.8886417085,Kadıköy,Kadıköy
İmes,M8 Bostancı - Dudullu Metro Hattı,Metro,Mevcut Hattaki İstasyon,29.1562117564,41.0001481272,,
Parseller,M8 Bostancı - Dudullu Metro Hattı,Metro,Mevcut Hattaki İstasyon,29.1526674022,41.0312433529,,
Huzur,M8 Bostancı - Dudullu Metro Hattı,Metro,Mevcut Hattaki İstasyon,29.1595514004,41.0226344203,,
Haznedar,M3 Kirazlı-Bakırköy İDO Metro Hattı Uzatması,Metro,İnşaat Aşamasında,28.8717193568,41.0046548513,Bakırköy,Bakırköy
Malazgirt,M1B (U2) Kirazlı - Halkalı Metro Hattı,Metro,İnşaat Aşamasında,28.828203805,41.0221022649,,
Barbaros,M1B (U2) Kirazlı - Halkalı Metro Hattı,Metro,İnşaat Aşamasında,28.8365597523,41.0235201646,,
Molla Gürani,M3 Kirazlı-Bakırköy İDO Metro Hattı Uzatması,Metro,İnşaat Aşamasında,28.8478882573,41.0260454587,Bakırköy,Bakırköy
Yıldıztepe,M3 Kirazlı-Bakırköy İDO Metro Hattı Uzatması,Metro,İnşaat Aşamasında,28.8578448457,41.0193911133,Bakırköy,Bakırköy
Fatih,M1B (U2) Kirazlı - Halkalı Metro Hattı,Metro,İnşaat Aşamasında,28.8027818409,41.0284958617,,
İncirli,M3 Kirazlı-Bakırköy İDO Metro Hattı Uzatması,Metro,İnşaat Aşamasında,28.874947155,40.997791003,Bakırköy,Bakırköy
Özgürlük Meydanı,M3 Kirazlı-Bakırköy İDO Metro Hattı Uzatması,Metro,İnşaat Aşamasında,28.8740634973,40.9817353367,Bakırköy,Bakırköy
Küçükpazar,T5 Eminönü - Alibeyköy Cep Otogarı Tramvay Hattı,Tramvay,Mevcut Hattaki İstasyon,28.9633072364,41.0209082584,,
Masko,M9 Bahariye - Olimpiyat Metro Hattı,Metro,İnşaat Aşamasında,28.8039976708,41.0640636378,,
15 Temmuz,M9 (U1) Ataköy -  Bahariye Hattı,Metro,İnşaat Aşamasında,28.8141344326,41.036903864,,
Çobançeşme - Kuyumcukent,M9 (U1) Ataköy -  Bahariye Hattı,Metro,İnşaat Aşamasında,28.8226568462,40.9992732598,,
Halkalı Caddesi,M9 (U1) Ataköy -  Bahariye Hattı,Metro,İnşaat Aşamasında,28.80672735,41.0449675987,,
Doğu Sanayi,M9 (U1) Ataköy -  Bahariye Hattı,Metro,İnşaat Aşamasında,28.8179826163,41.0150158062,,
Mimar Sinan,M9 (U1) Ataköy -  Bahariye Hattı,Metro,İnşaat Aşamasında,28.8165137276,41.0251024172,,
Yenibosna,M9 (U1) Ataköy -  Bahariye Hattı,Metro,İnşaat Aşamasında,28.8380437874,40.9892636065,,
Ataköy,M9 (U1) Ataköy -  Bahariye Hattı,Metro,İnşaat Aşamasında,28.8562110538,40.979913638,,
İhlas Yuva,M9 (U1) Ataköy -  Bahariye Hattı,Metro,İnşaat Aşamasında,28.8186252974,41.0061906335,,
İçerenköy,M8 Bostancı - Dudullu Metro Hattı,Metro,Mevcut Hattaki İstasyon,29.126424906,40.9789845394,,
Kozyatağı,M8 Bostancı - Dudullu Metro Hattı,Metro,Mevcut Hattaki İstasyon,29.0999002371,40.9775015583,,
Ayşe Kadın,M8 Bostancı - Dudullu Metro Hattı,Metro,Mevcut Hattaki İstasyon,29.0867181509,40.9667774717,,
Bostancı,M8 Bostancı - Dudullu Metro Hattı,Metro,Mevcut Hattaki İstasyon,29.0977225047,40.9509636456,,
Emin Ali Paşa,M8 Bostancı - Dudullu Metro Hattı,Metro,Mevcut Hattaki İstasyon,29.0937084923,40.9605472642,,
Kayışdağı,M8 Bostancı - Dudullu Metro Hattı,Metro,Mevcut Hattaki İstasyon,29.1377306108,40.9846900159,,
Dudullu,M8 Bostancı - Dudullu Metro Hattı,Metro,Mevcut Hattaki İstasyon,29.1632870725,41.0152325915,,
Küçükbakkalköy,M8 Bostancı - Dudullu Metro Hattı,Metro,Mevcut Hattaki İstasyon,29.1117414468,40.9789184865,,
Modoko - Keyap,M8 Bostancı - Dudullu Metro Hattı,Metro,Mevcut Hattaki İstasyon,29.161855314,41.0071876376,,
Kabataş,M7 (U2) Kabataş - Mecidiyeköy Metro Hattı,Metro,İnşaat Aşamasında,28.9907500553,41.0335744205,,
Atatürk Mahallesi,M7 (U3) Mahmutbey - Bahçeşehir- Esenyurt Metro Hattı,Metro,İnşaat Aşamasında,28.7974872035,41.0518352309,Esenyurt,Esenyurt
Ispartakule,M7 (U4) Mahmutbey - Bahçeşehir- Esenyurt Metro Hattı,Metro,İnşaat Aşamasında,28.7093319731,41.0622487609,Esenyurt,Esenyurt
Hastane,M7 (U3) Mahmutbey - Bahçeşehir- Esenyurt Metro Hattı,Metro,İnşaat Aşamasında,28.7588533017,41.0561315069,Esenyurt,Esenyurt
Tahtakale,M7 (U4) Mahmutbey - Bahçeşehir- Esenyurt Metro Hattı,Metro,İnşaat Aşamasında,28.7259503944,41.0594321354,Esenyurt,Esenyurt
Toplu Konut,M7 (U3) Mahmutbey - Bahçeşehir- Esenyurt Metro Hattı,Metro,İnşaat Aşamasında,28.7862786379,41.0553154861,Esenyurt,Esenyurt
Bahçeşehir,M7 (U4) Mahmutbey - Bahçeşehir- Esenyurt Metro Hattı,Metro,İnşaat Aşamasında,28.6835026611,41.064085764,Esenyurt,Esenyurt
Tema Park,M7 (U3) Mahmutbey - Bahçeşehir- Esenyurt Metro Hattı,Metro,İnşaat Aşamasında,28.7720939967,41.05816462,Esenyurt,Esenyurt
Ardıçlı,M7 (U4) Mahmutbey - Bahçeşehir- Esenyurt Metro Hattı,Metro,İnşaat Aşamasında,28.6755757425,41.0443971342,Esenyurt,Esenyurt
Esenkent,M7 (U4) Mahmutbey - Bahçeşehir- Esenyurt Metro Hattı,Metro,İnşaat Aşamasında,28.67076459,41.0567580416,Esenyurt,Esenyurt
Bakırköy İDO,M3 Kirazlı-Bakırköy İDO Metro Hattı Uzatması,Metro,İnşaat Aşamasında,28.8680772574,40.9736222874,Bakırköy,Bakırköy
İlkyuva,M3 Kirazlı-Bakırköy İDO Metro Hattı Uzatması,Metro,İnşaat Aşamasında,28.8656490726,41.0116111624,Bakırköy,Bakırköy
Halkalı,M1B (U2) Kirazlı - Halkalı Metro Hattı,Metro,İnşaat Aşamasında,28.7677107296,41.0176638112,,
Eminönü,T5 Eminönü - Alibeyköy Cep Otogarı Tramvay Hattı,Tramvay,Mevcut Hattaki İstasyon,28.9700504844,41.0182506722,,
Halkalı,M11 Halkalı - İstanbul Havalimanı Metro Hattı,Metro,İnşaat Aşamasında,28.7681738903,41.0202512735,,
Mehmet Akif Ersoy,M1B (U2) Kirazlı - Halkalı Metro Hattı,Metro,İnşaat Aşamasında,28.7800124525,41.0338987921,,
Tema Park,Halkalı - Arnavutköy - Yeni Havalimanı Metro Hattı,Metro,İnşaat Aşamasında,28.7747473321,41.0565824441,Arnavutköy,Arnavutköy
Kayaşehir Merkez,M11 Halkalı - İstanbul Havalimanı Metro Hattı,Metro,İnşaat Aşamasında,28.7657137663,41.1174078016,,
Bezirganbahçe,M1B (U2) Kirazlı - Halkalı Metro Hattı,Metro,İnşaat Aşamasında,28.767777836,41.0256154131,,
Olimpiyat,M11 Halkalı - İstanbul Havalimanı Metro Hattı,Metro,İnşaat Aşamasında,28.7697519201,41.0779951936,,
Halkalı - Üniversite,M1B (U2) Kirazlı - Halkalı Metro Hattı,Metro,İnşaat Aşamasında,28.7896032792,41.0346806674,,
Yenidoğan,M1B (U2) Kirazlı - Halkalı Metro Hattı,Metro,İnşaat Aşamasında,28.7710927915,41.0330831515,,
Fenertepe,M11 Halkalı - İstanbul Havalimanı Metro Hattı,Metro,İnşaat Aşamasında,28.7951065961,41.1394899577,,
Arnavutköy -2,M11 Halkalı - İstanbul Havalimanı Metro Hattı,Metro,İnşaat Aşamasında,28.7159766816,41.2069599862,,
Arnavutköy - 1,M11 Halkalı - İstanbul Havalimanı Metro Hattı,Metro,İnşaat Aşamasında,28.7464186818,41.1791811595,,
Mimar Sinan,M1B (U2) Kirazlı - Halkalı Metro Hattı,Metro,İnşaat Aşamasında,28.8165798652,41.0250630721,,
Onurkent,M3 Kirazlı - Kayaşehir Merkez Metro Hattı,Metro,Mevcut Hattaki İstasyon,28.7904528718,41.1133556519,,
Şehir Hastanesi,M3 Kirazlı - Kayaşehir Merkez Metro Hattı,Metro,Mevcut Hattaki İstasyon,28.7778792943,41.103310128,,
Toplu Konutlar,M3 Kirazlı - Kayaşehir Merkez Metro Hattı,Metro,Mevcut Hattaki İstasyon,28.7678710416,41.1073954459,,
Kayaşehir Merkez,M3 Kirazlı - Kayaşehir Merkez Metro Hattı,Metro,Mevcut Hattaki İstasyon,28.7665088663,41.1195507427,,
Göztepe 60. Yıl Parkı,M12 Göztepe-Ümraniye Metro Hattı,Metro,İnşaat Aşamasında,29.0566476314,40.9696400909,Ümraniye,Ümraniye
Çarşı,M12 Göztepe-Ümraniye Metro Hattı,Metro,İnşaat Aşamasında,29.0969701242,41.026945029,Ümraniye,Ümraniye
Atakent,M12 Göztepe-Ümraniye Metro Hattı,Metro,İnşaat Aşamasında,29.1018263781,41.0160294361,Ümraniye,Ümraniye
Yeni Sahra,M12 Göztepe-Ümraniye Metro Hattı,Metro,İnşaat Aşamasında,29.0921391422,40.9849381944,Ümraniye,Ümraniye
Finans Merkezi,M12 Göztepe-Ümraniye Metro Hattı,Metro,İnşaat Aşamasında,29.1108510159,40.9993002306,Ümraniye,Ümraniye
Sahrayıcedit,M12 Göztepe-Ümraniye Metro Hattı,Metro,İnşaat Aşamasında,29.077135021,40.9799539217,Ümraniye,Ümraniye
SBÜ Hastanesi,M12 Göztepe-Ümraniye Metro Hattı,Metro,İnşaat Aşamasında,29.1019676058,41.0305156614,Ümraniye,Ümraniye
Site,M12 Göztepe-Ümraniye Metro Hattı,Metro,İnşaat Aşamasında,29.1129046309,41.0083402239,Ümraniye,Ümraniye
Ataşehir,M12 Göztepe-Ümraniye Metro Hattı,Metro,İnşaat Aşamasında,29.104065695,40.9906374128,Ümraniye,Ümraniye
Göztepe,M12 Göztepe-Ümraniye Metro Hattı,Metro,İnşaat Aşamasında,29.0662896028,40.9783502001,Ümraniye,Ümraniye
Kazım Karabekir,M12 Göztepe-Ümraniye Metro Hattı,Metro,İnşaat Aşamasında,29.0987977614,41.0427284001,Ümraniye,Ümraniye
Bölge Parkı,M7 (U3) Mahmutbey - Bahçeşehir- Esenyurt Metro Hattı,Metro,İnşaat Aşamasında,28.8136035851,41.0560767788,Esenyurt,Esenyurt
Feshane,T5 Eminönü - Alibeyköy Cep Otogarı Tramvay Hattı,Tramvay,Mevcut Hattaki İstasyon,28.9379603124,41.0455174821,,
